S0,K,moneyness,r,sigma,T,n,option_type,Greek,CV_MC,Original_TW,Corrected_TW,Original_TW_Error,Corrected_TW_Error,Original_TW_Abs_Error,Corrected_TW_Abs_Error,Improved
100,80.0,0.8,0.05,0.1,0.5,12,call,Delta,0.9886330716571656,0.9886326066591344,0.9877073411515802,-4.64998031191044e-07,-0.0009257305055854204,4.64998031191044e-07,0.0009257305055854204,False
100,80.0,0.8,0.05,0.1,0.5,12,call,Vega,0.0008646171014703441,5.719034135154288e-06,-0.03994867560663806,-0.0008588980673351898,-0.040813292708108406,0.0008588980673351898,0.040813292708108406,False
100,80.0,0.8,0.05,0.1,0.5,12,call,Rho,16.45874117121693,16.458497794520355,16.458497794520355,-0.00024337669657370498,-0.00024337669657370498,0.00024337669657370498,0.00024337669657370498,False
100,80.0,0.8,0.05,0.1,0.5,12,call,Theta_T,1.6459605788924403,1.6458503520162449,1.609956732682578,-0.00011022687619544058,-0.03600384620986219,0.00011022687619544058,0.03600384620986219,False
100,80.0,0.8,0.05,0.1,0.5,52,call,Delta,0.987839964710453,0.9878409366053376,0.9874535151909924,9.718948845716113e-07,-0.00038644951946054107,9.718948845716113e-07,0.00038644951946054107,False
100,80.0,0.8,0.05,0.1,0.5,52,call,Vega,-0.002475902565635124,1.4749588217455312e-06,-0.03431465913017462,0.0024773775244568697,-0.031838756564539494,0.0024773775244568697,0.031838756564539494,False
100,80.0,0.8,0.05,0.1,0.5,52,call,Rho,14.89502461961223,14.89415728405774,14.89415728405774,-0.0008673355544885908,-0.0008673355544885908,0.0008673355544885908,0.0008673355544885908,False
100,80.0,0.8,0.05,0.1,0.5,52,call,Theta_T,1.4892548777620274,1.489415881083005,1.4518461668109595,0.00016100332097757075,-0.0374087109510679,0.00016100332097757075,0.0374087109510679,False
100,80.0,0.8,0.05,0.1,1.0,12,call,Delta,0.9774368639375908,0.9774238018378689,0.9770444364954223,-1.3062099721850018e-05,-0.000392427442168497,1.3062099721850018e-05,0.000392427442168497,False
100,80.0,0.8,0.05,0.1,1.0,12,call,Vega,0.004507620040783422,0.005664804287874858,0.03807126635635427,0.0011571842470914362,0.03356364631557085,0.0011571842470914362,0.03356364631557085,False
100,80.0,0.8,0.05,0.1,1.0,12,call,Rho,31.70318436685804,31.70208852539602,31.70208852539602,-0.0010958414620176882,-0.0010958414620176882,0.0010958414620176882,0.0010958414620176882,False
100,80.0,0.8,0.05,0.1,1.0,12,call,Theta_T,1.5853924501701133,1.5853866315878928,1.5647526243311116,-5.818582220484814e-06,-0.020639825839001702,5.818582220484814e-06,0.020639825839001702,False
100,80.0,0.8,0.05,0.1,1.0,52,call,Delta,0.9758688534689597,0.9758700473683746,0.9758397927410556,1.1938994148863458e-06,-2.906072790409553e-05,1.1938994148863458e-06,2.906072790409553e-05,False
100,80.0,0.8,0.05,0.1,1.0,52,call,Vega,-0.0022425544745630077,0.0027707081979855275,0.026103605746286007,0.005013262672548535,0.028346160220849015,0.005013262672548535,0.028346160220849015,False
100,80.0,0.8,0.05,0.1,1.0,52,call,Rho,28.65104844065769,28.648605270991112,28.648605270991112,-0.002443169666577205,-0.002443169666577205,0.002443169666577205,0.002443169666577205,False
100,80.0,0.8,0.05,0.1,1.0,52,call,Theta_T,1.4324397050094717,1.4325681993341721,1.4084558618081022,0.00012849432470041222,-0.02398384320136948,0.00012849432470041222,0.02398384320136948,False
100,80.0,0.8,0.05,0.1,2.0,12,call,Delta,0.9551140604861885,0.9549590141845421,0.9575293597491807,-0.00015504630164642208,0.002415299262992221,0.00015504630164642208,0.002415299262992221,False
100,80.0,0.8,0.05,0.1,2.0,12,call,Vega,0.15172245586825284,0.19499687719637393,0.12451811108249444,0.04327442132812109,-0.027204344785758394,0.04327442132812109,0.027204344785758394,True
100,80.0,0.8,0.05,0.1,2.0,12,call,Rho,58.70702154718188,58.69005403503991,58.69005403503991,-0.01696751214197434,-0.01696751214197434,0.01696751214197434,0.01696751214197434,False
100,80.0,0.8,0.05,0.1,2.0,12,call,Theta_T,1.471464167250609,1.4721205403419635,1.5218195456034689,0.0006563730913544674,0.05035537835285986,0.0006563730913544674,0.05035537835285986,False
100,80.0,0.8,0.05,0.1,2.0,52,call,Delta,0.9522228668364541,0.9521029064542041,0.9546178624478507,-0.00011996038224992844,0.0023949956113966664,0.00011996038224992844,0.0023949956113966664,False
100,80.0,0.8,0.05,0.1,2.0,52,call,Vega,0.08340525082850547,0.13185029813733706,0.022874317362919783,0.04844504730883159,-0.06053093346558569,0.04844504730883159,0.06053093346558569,False
100,80.0,0.8,0.05,0.1,2.0,52,call,Rho,52.91279383836667,52.8942027948176,52.8942027948176,-0.01859104354906549,-0.01859104354906549,0.01859104354906549,0.01859104354906549,False
100,80.0,0.8,0.05,0.1,2.0,52,call,Theta_T,1.3249227697357835,1.3256467741213562,1.368262978451753,0.0007240043855727407,0.04334020871596955,0.0007240043855727407,0.04334020871596955,False
100,80.0,0.8,0.05,0.2,0.5,12,call,Delta,0.9861147294916428,0.98580209927837,0.9855167665315356,-0.00031263021327276874,-0.0005979629601071679,0.00031263021327276874,0.0005979629601071679,False
100,80.0,0.8,0.05,0.2,0.5,12,call,Vega,0.3300653801332487,0.3779499358493865,0.27575965901682764,0.04788455571613781,-0.05430572111642107,0.04788455571613781,0.05430572111642107,False
100,80.0,0.8,0.05,0.2,0.5,12,call,Rho,16.390953106810713,16.381905036837452,16.381905036837452,-0.009048069973260908,-0.009048069973260908,0.009048069973260908,0.009048069973260908,False
100,80.0,0.8,0.05,0.2,0.5,12,call,Theta_T,1.7051342320406881,1.7137705800658587,1.6834098050724933,0.008636348025170548,-0.021724426968194877,0.008636348025170548,0.021724426968194877,False
100,80.0,0.8,0.05,0.2,0.5,52,call,Delta,0.9861536286739003,0.9858694479450314,0.9859685209725377,-0.0002841807288689324,-0.0001851077013625968,0.0002841807288689324,0.0001851077013625968,True
100,80.0,0.8,0.05,0.2,0.5,52,call,Vega,0.20717142825255053,0.26028319615356565,0.14871022253082344,0.05311176790101513,-0.05846120572172708,0.05311176790101513,0.05846120572172708,False
100,80.0,0.8,0.05,0.2,0.5,52,call,Rho,14.853852310565685,14.844426331475091,14.844426331475091,-0.009425979090593728,-0.009425979090593728,0.009425979090593728,0.009425979090593728,False
100,80.0,0.8,0.05,0.2,0.5,52,call,Theta_T,1.5267392348737197,1.5364909598191723,1.5015117248727705,0.009751724945452622,-0.025227510000949138,0.009751724945452622,0.025227510000949138,False
100,80.0,0.8,0.05,0.2,1.0,12,call,Delta,0.9607820867383587,0.9594776036007424,0.9593972914419702,-0.0013044831376163302,-0.0013847952963885746,0.0013044831376163302,0.0013847952963885746,False
100,80.0,0.8,0.05,0.2,1.0,12,call,Vega,2.4555079222512433,2.7285131966205967,2.526754859276892,0.2730052743693534,0.07124693702564855,0.2730052743693534,0.07124693702564855,True
100,80.0,0.8,0.05,0.2,1.0,12,call,Rho,30.776090875317408,30.698108638365085,30.698108638365085,-0.07798223695232309,-0.07798223695232309,0.07798223695232309,0.07798223695232309,False
100,80.0,0.8,0.05,0.2,1.0,12,call,Theta_T,1.7844011519072644,1.8077509277270476,1.776142635369542,0.023349775819783147,-0.008258516537722471,0.023349775819783147,0.008258516537722471,True
100,80.0,0.8,0.05,0.2,1.0,52,call,Delta,0.9624299643866863,0.9610984678399248,0.9611991162523381,-0.001331496546761457,-0.0012308481343481503,0.001331496546761457,0.0012308481343481503,True
100,80.0,0.8,0.05,0.2,1.0,52,call,Vega,1.9134759267860346,2.2065776849640173,1.9807248257599497,0.2931017581779827,0.06724889897391506,0.2931017581779827,0.06724889897391506,True
100,80.0,0.8,0.05,0.2,1.0,52,call,Rho,27.95674516869795,27.878380506365374,27.878380506365374,-0.07836466233257511,-0.07836466233257511,0.07836466233257511,0.07836466233257511,False
100,80.0,0.8,0.05,0.2,1.0,52,call,Theta_T,1.5894263597420544,1.614570351738669,1.5765413640978654,0.025143991996614545,-0.01288499564418899,0.025143991996614545,0.01288499564418899,True
100,80.0,0.8,0.05,0.2,2.0,12,call,Delta,0.9122242200471931,0.9099432081528036,0.9118832408054445,-0.002281011894389451,-0.00034097924174858463,0.002281011894389451,0.00034097924174858463,True
100,80.0,0.8,0.05,0.2,2.0,12,call,Vega,7.658347116242581,8.407224493659271,7.75872309369241,0.7488773774166901,0.10037597744982918,0.7488773774166901,0.10037597744982918,True
100,80.0,0.8,0.05,0.2,2.0,12,call,Rho,53.69162738647404,53.38941337285519,53.38941337285519,-0.30221401361885114,-0.30221401361885114,0.30221401361885114,0.30221401361885114,False
100,80.0,0.8,0.05,0.2,2.0,12,call,Theta_T,1.725689652083373,1.7550985431076604,1.760809004388335,0.029408891024287342,0.03511935230496199,0.029408891024287342,0.03511935230496199,False
100,80.0,0.8,0.05,0.2,2.0,52,call,Delta,0.9140659012614805,0.9115171861432714,0.9132042554308484,-0.0025487151182090884,-0.0008616458306320851,0.0025487151182090884,0.0008616458306320851,True
100,80.0,0.8,0.05,0.2,2.0,52,call,Vega,6.5349284135454155,7.376618783908384,6.6745992119408015,0.8416903703629686,0.139670798395386,0.8416903703629686,0.139670798395386,True
100,80.0,0.8,0.05,0.2,2.0,52,call,Rho,48.773967807580476,48.44014716418599,48.44014716418599,-0.333820643394489,-0.333820643394489,0.333820643394489,0.333820643394489,False
100,80.0,0.8,0.05,0.2,2.0,52,call,Theta_T,1.5464336084118013,1.5798357310478384,1.5755210263840436,0.033402122636037035,0.029087417972242235,0.033402122636037035,0.029087417972242235,True
100,80.0,0.8,0.05,0.4,0.5,12,call,Delta,0.9171448512432789,0.9151121764470282,0.9153329058927362,-0.0020326747962506886,-0.001811945350542743,0.0020326747962506886,0.001811945350542743,True
100,80.0,0.8,0.05,0.4,0.5,12,call,Vega,5.69446653374861,6.100048640124811,5.776063658872843,0.40558210637620107,0.08159712512423312,0.40558210637620107,0.08159712512423312,True
100,80.0,0.8,0.05,0.4,0.5,12,call,Rho,14.362681596828963,14.284884684183652,14.284884684183652,-0.07779691264531152,-0.07779691264531152,0.07779691264531152,0.07779691264531152,False
100,80.0,0.8,0.05,0.4,0.5,12,call,Theta_T,3.7139427949565817,3.868501133806248,3.7460486971595763,0.1545583388496663,0.032105902202994585,0.1545583388496663,0.032105902202994585,True
100,80.0,0.8,0.05,0.4,0.5,52,call,Delta,0.9245679927906636,0.92166199625769,0.9219151919679724,-0.0029059965329736315,-0.002652800822691148,0.0029059965329736315,0.002652800822691148,True
100,80.0,0.8,0.05,0.4,0.5,52,call,Vega,4.885278014183925,5.37782847399626,5.014418881271965,0.49255045981233536,0.12914086708804007,0.49255045981233536,0.12914086708804007,True
100,80.0,0.8,0.05,0.4,0.5,52,call,Rho,13.170815915213296,13.071451708821513,13.071451708821513,-0.09936420639178323,-0.09936420639178323,0.09936420639178323,0.09936420639178323,False
100,80.0,0.8,0.05,0.4,0.5,52,call,Theta_T,3.2711752111225945,3.4582690433369745,3.3253134167098963,0.18709383221438003,0.05413820558730187,0.18709383221438003,0.05413820558730187,True
100,80.0,0.8,0.05,0.4,1.0,12,call,Delta,0.853230034660406,0.8517214160589326,0.8509496201869737,-0.0015086186014734437,-0.0022804144734323017,0.0015086186014734437,0.0022804144734323017,False
100,80.0,0.8,0.05,0.4,1.0,12,call,Vega,12.015440486129236,12.882690512174833,12.115279635970921,0.8672500260455962,0.09983914984168507,0.8672500260455962,0.09983914984168507,True
100,80.0,0.8,0.05,0.4,1.0,12,call,Rho,23.85617474361723,23.65373145888583,23.65373145888583,-0.20244328473140172,-0.20244328473140172,0.20244328473140172,0.20244328473140172,False
100,80.0,0.8,0.05,0.4,1.0,12,call,Theta_T,3.595092082471476,3.7592293279786038,3.6025151150889823,0.16413724550712772,0.007423032617506209,0.16413724550712772,0.007423032617506209,True
100,80.0,0.8,0.05,0.4,1.0,52,call,Delta,0.8584847591024847,0.8572321765289281,0.8562599780682589,-0.0012525825735565377,-0.0022247810342257424,0.0012525825735565377,0.0022247810342257424,False
100,80.0,0.8,0.05,0.4,1.0,52,call,Vega,10.885255739536248,11.83542025067652,11.013872937928326,0.9501645111402723,0.12861719839207808,0.9501645111402723,0.12861719839207808,True
100,80.0,0.8,0.05,0.4,1.0,52,call,Rho,21.775225942732845,21.571514384230994,21.571514384230994,-0.2037115585018512,-0.2037115585018512,0.2037115585018512,0.2037115585018512,False
100,80.0,0.8,0.05,0.4,1.0,52,call,Theta_T,3.2661097393535687,3.4456639093052477,3.2766442711036614,0.17955416995167894,0.010534531750092668,0.17955416995167894,0.010534531750092668,True
100,80.0,0.8,0.05,0.4,2.0,12,call,Delta,0.7932857017526729,0.7945425032320408,0.7929007464768212,0.0012568014793679083,-0.000384955275851695,0.0012568014793679083,0.000384955275851695,True
100,80.0,0.8,0.05,0.4,2.0,12,call,Vega,20.086462981828035,21.840284397622867,19.938414789914205,1.7538214157948318,-0.1480481919138299,1.7538214157948318,0.1480481919138299,True
100,80.0,0.8,0.05,0.4,2.0,12,call,Rho,36.06229799327565,35.64817769976969,35.64817769976969,-0.4141202935059596,-0.4141202935059596,0.4141202935059596,0.4141202935059596,False
100,80.0,0.8,0.05,0.4,2.0,12,call,Theta_T,2.910128652554018,3.0752363413607497,2.8898123643484475,0.16510768880673155,-0.020316288205570743,0.16510768880673155,0.020316288205570743,True
100,80.0,0.8,0.05,0.4,2.0,52,call,Delta,0.7952443808979304,0.7962916449219826,0.7939567143414905,0.0010472640240521969,-0.0012876665564398593,0.0010472640240521969,0.0012876665564398593,False
100,80.0,0.8,0.05,0.4,2.0,52,call,Vega,18.517049430940347,20.51899164423432,18.533561949841015,2.0019422132939724,0.016512518900668738,2.0019422132939724,0.016512518900668738,True
100,80.0,0.8,0.05,0.4,2.0,52,call,Rho,32.5661659946519,32.03421925531913,32.03421925531913,-0.531946739332767,-0.531946739332767,0.531946739332767,0.531946739332767,False
100,80.0,0.8,0.05,0.4,2.0,52,call,Theta_T,2.666066491270751,2.85275796574755,2.6514240927627597,0.1866914744767989,-0.014642398507991317,0.1866914744767989,0.014642398507991317,True
100,90.0,0.9,0.05,0.1,0.5,12,call,Delta,0.985910252098483,0.9857382200326636,0.9842884516479611,-0.00017203206581939412,-0.0016218004505219596,0.00017203206581939412,0.0016218004505219596,False
100,90.0,0.9,0.05,0.1,0.5,12,call,Vega,0.3590890091560439,0.3849620950227006,0.2910970762224352,0.02587308586665671,-0.06799193293360872,0.02587308586665671,0.06799193293360872,False
100,90.0,0.9,0.05,0.1,0.5,12,call,Rho,21.261581114728756,21.256609723900866,21.256609723900866,-0.004971390827890332,-0.004971390827890332,0.004971390827890332,0.004971390827890332,False
100,90.0,0.9,0.05,0.1,0.5,12,call,Theta_T,2.1619300475898484,2.164135611833329,2.1260466680196766,0.0022055642434803957,-0.03588337957017185,0.0022055642434803957,0.03588337957017185,False
100,90.0,0.9,0.05,0.1,0.5,52,call,Delta,0.9859467977510672,0.9857726686646906,0.9846224288086436,-0.0001741290863765954,-0.0013243689424236038,0.0001741290863765954,0.0013243689424236038,False
100,90.0,0.9,0.05,0.1,0.5,52,call,Vega,0.2413380176449209,0.27133700094239543,0.20096216111742393,0.029998983297474524,-0.04037585652749698,0.029998983297474524,0.04037585652749698,False
100,90.0,0.9,0.05,0.1,0.5,52,call,Rho,19.723991341731306,19.718205899659225,19.718205899659225,-0.005785442072081537,-0.005785442072081537,0.005785442072081537,0.005785442072081537,False
100,90.0,0.9,0.05,0.1,0.5,52,call,Theta_T,1.996467741983241,1.998935725227855,1.9633130532823095,0.002467983244613947,-0.03315468870093152,0.002467983244613947,0.03315468870093152,False
100,90.0,0.9,0.05,0.1,1.0,12,call,Delta,0.9638478977790221,0.9631203194732141,0.9614653498773951,-0.000727578305808052,-0.0023825479016270634,0.000727578305808052,0.0023825479016270634,False
100,90.0,0.9,0.05,0.1,1.0,12,call,Vega,2.1004874747463376,2.2398423509066845,2.2568857530878006,0.13935487616034692,0.15639827834146303,0.13935487616034692,0.15639827834146303,False
100,90.0,0.9,0.05,0.1,1.0,12,call,Rho,40.471573314819764,40.4264826456302,40.4264826456302,-0.045090669189562504,-0.045090669189562504,0.045090669189562504,0.045090669189562504,False
100,90.0,0.9,0.05,0.1,1.0,12,call,Theta_T,2.1280159322294523,2.1333020932882185,2.0989840012363192,0.0052861610587662256,-0.02903193099313306,0.0052861610587662256,0.02903193099313306,False
100,90.0,0.9,0.05,0.1,1.0,52,call,Delta,0.9646502066103224,0.9639752931035339,0.9624518304923058,-0.0006749135067884993,-0.002198376118016654,0.0006749135067884993,0.002198376118016654,False
100,90.0,0.9,0.05,0.1,1.0,52,call,Vega,1.6857357297785924,1.8238918758779477,1.8497136319641783,0.13815614609935523,0.16397790218558583,0.13815614609935523,0.16397790218558583,False
100,90.0,0.9,0.05,0.1,1.0,52,call,Rho,37.58508644655656,37.54716448931994,37.54716448931994,-0.03792195723661962,-0.03792195723661962,0.03792195723661962,0.03792195723661962,False
100,90.0,0.9,0.05,0.1,1.0,52,call,Theta_T,1.9634149448804905,1.9685380930841756,1.9348840375694731,0.005123148203685091,-0.028530907311017373,0.005123148203685091,0.028530907311017373,False
100,90.0,0.9,0.05,0.1,2.0,12,call,Delta,0.9269918732443472,0.9259802931861305,0.9256005003401935,-0.0010115800582166656,-0.0013913729041536982,0.0010115800582166656,0.0013913729041536982,False
100,90.0,0.9,0.05,0.1,2.0,12,call,Vega,5.5594592444494495,5.870095614436188,5.861348916982756,0.3106363699867387,0.30188967253330645,0.3106363699867387,0.30188967253330645,True
100,90.0,0.9,0.05,0.1,2.0,12,call,Rho,73.63770721442897,73.51778204377268,73.51778204377268,-0.1199251706562876,-0.1199251706562876,0.1199251706562876,0.1199251706562876,False
100,90.0,0.9,0.05,0.1,2.0,12,call,Theta_T,1.979981539300737,1.9846943116569626,1.9977317114943816,0.004712772356225692,0.01775017219364461,0.004712772356225692,0.01775017219364461,False
100,90.0,0.9,0.05,0.1,2.0,52,call,Delta,0.9271120396202637,0.9258101460426627,0.9251987835632747,-0.001301893577601021,-0.001913256056988999,0.001301893577601021,0.001913256056988999,False
100,90.0,0.9,0.05,0.1,2.0,52,call,Vega,4.773867715559987,5.1523553265244715,5.122963332834907,0.37848761096448413,0.34909561727491933,0.37848761096448413,0.34909561727491933,True
100,90.0,0.9,0.05,0.1,2.0,52,call,Rho,68.36643912673246,68.21261135733891,68.21261135733891,-0.15382776939354414,-0.15382776939354414,0.15382776939354414,0.15382776939354414,False
100,90.0,0.9,0.05,0.1,2.0,52,call,Theta_T,1.828395673093124,1.8341204508647424,1.8442174165778624,0.0057247777716185055,0.015821743484738526,0.0057247777716185055,0.015821743484738526,False
100,90.0,0.9,0.05,0.2,0.5,12,call,Delta,0.9113052794237841,0.9102445673506399,0.9087209097249449,-0.0010607120731442876,-0.0025843696988392395,0.0010607120731442876,0.0025843696988392395,False
100,90.0,0.9,0.05,0.2,0.5,12,call,Vega,6.1695151348830635,6.3622777261063135,6.226042634732032,0.19276259122325,0.05652749984896843,0.19276259122325,0.05652749984896843,True
100,90.0,0.9,0.05,0.2,0.5,12,call,Rho,19.147381864579316,19.113881816865685,19.113881816865685,-0.033500047713630465,-0.033500047713630465,0.033500047713630465,0.033500047713630465,False
100,90.0,0.9,0.05,0.2,0.5,12,call,Theta_T,3.149114107871114,3.183849938474963,3.159003351855678,0.034735830603849216,0.009889243984564366,0.034735830603849216,0.009889243984564366,True
100,90.0,0.9,0.05,0.2,0.5,52,call,Delta,0.9180085182127407,0.9168805146756309,0.9155207991781378,-0.0011280035371097341,-0.0024877190346028755,0.0011280035371097341,0.0024877190346028755,False
100,90.0,0.9,0.05,0.2,0.5,52,call,Vega,5.420636522101674,5.633366198190437,5.505600328450377,0.21272967608876314,0.08496380634870349,0.21272967608876314,0.08496380634870349,True
100,90.0,0.9,0.05,0.2,0.5,52,call,Rho,17.92275165386492,17.887899597512913,17.887899597512913,-0.034852056352008276,-0.034852056352008276,0.034852056352008276,0.034852056352008276,False
100,90.0,0.9,0.05,0.2,0.5,52,call,Theta_T,2.87657551633953,2.9154673922837127,2.890144712518201,0.03889187594418253,0.013569196178671028,0.03889187594418253,0.013569196178671028,True
100,90.0,0.9,0.05,0.2,1.0,12,call,Delta,0.8523624966389853,0.8521138745487189,0.8500826836991315,-0.0002486220902664371,-0.002279812939853798,0.0002486220902664371,0.002279812939853798,False
100,90.0,0.9,0.05,0.2,1.0,12,call,Vega,12.350108206985233,12.685983950378343,12.488728362765045,0.3358757433931103,0.13862015577981168,0.3358757433931103,0.13862015577981168,True
100,90.0,0.9,0.05,0.2,1.0,12,call,Rho,33.87155446480605,33.8355403849544,33.8355403849544,-0.036014079851653946,-0.036014079851653946,0.036014079851653946,0.036014079851653946,False
100,90.0,0.9,0.05,0.2,1.0,12,call,Theta_T,2.928998757883021,2.9603866549503843,2.9228037906527993,0.03138789706736311,-0.006194967230221948,0.03138789706736311,0.006194967230221948,True
100,90.0,0.9,0.05,0.2,1.0,52,call,Delta,0.8583007836997858,0.8574781624490857,0.8554281803585884,-0.0008226212507000952,-0.0028726033411974328,0.0008226212507000952,0.0028726033411974328,False
100,90.0,0.9,0.05,0.2,1.0,52,call,Vega,11.225496702712334,11.6481256349239,11.444627443875532,0.42262893221156617,0.2191307411631982,0.42262893221156617,0.2191307411631982,True
100,90.0,0.9,0.05,0.2,1.0,52,call,Rho,31.709717095322887,31.63262498039998,31.63262498039998,-0.07709211492290535,-0.07709211492290535,0.07709211492290535,0.07709211492290535,False
100,90.0,0.9,0.05,0.2,1.0,52,call,Theta_T,2.70789498124159,2.7464542247196055,2.706593031945208,0.03855924347801576,-0.0013019492963817214,0.03855924347801576,0.0013019492963817214,True
100,90.0,0.9,0.05,0.2,2.0,12,call,Delta,0.8035909976652356,0.8033427046374797,0.8017344195706677,-0.0002482930277558637,-0.0018565780945678512,0.0002482930277558637,0.0018565780945678512,False
100,90.0,0.9,0.05,0.2,2.0,12,call,Vega,19.774805906135562,20.512341665039457,19.945438143350813,0.7375357589038956,0.17063223721525134,0.7375357589038956,0.17063223721525134,True
100,90.0,0.9,0.05,0.2,2.0,12,call,Rho,58.088569909351406,57.94162809659831,57.94162809659831,-0.1469418127530986,-0.1469418127530986,0.1469418127530986,0.1469418127530986,False
100,90.0,0.9,0.05,0.2,2.0,12,call,Theta_T,2.440796746908238,2.474165615133259,2.4509239838455343,0.03336886822502105,0.010127236937296225,0.03336886822502105,0.010127236937296225,True
100,90.0,0.9,0.05,0.2,2.0,52,call,Delta,0.8049979602172375,0.8050552948830703,0.8030357183071324,5.733466583279778e-05,-0.001962241910105078,5.733466583279778e-05,0.001962241910105078,False
100,90.0,0.9,0.05,0.2,2.0,52,call,Vega,18.38618938162284,19.198875909745894,18.596306134480933,0.8126865281230522,0.21011675285809162,0.8126865281230522,0.21011675285809162,True
100,90.0,0.9,0.05,0.2,2.0,52,call,Rho,54.014810441955774,53.87217900480579,53.87217900480579,-0.14263143714998705,-0.14263143714998705,0.14263143714998705,0.14263143714998705,False
100,90.0,0.9,0.05,0.2,2.0,52,call,Theta_T,2.269636918735176,2.3067557729786348,2.2776313425519534,0.03711885424345862,0.007994423816777285,0.03711885424345862,0.007994423816777285,True
100,90.0,0.9,0.05,0.4,0.5,12,call,Delta,0.7683275526002298,0.770170993913073,0.7677853519053546,0.001843441312843197,-0.0005422006948752056,0.001843441312843197,0.0005422006948752056,True
100,90.0,0.9,0.05,0.4,0.5,12,call,Vega,12.557825801265743,12.87518121584963,12.55688303929059,0.3173554145838864,-0.0009427619751534166,0.3173554145838864,0.0009427619751534166,True
100,90.0,0.9,0.05,0.4,0.5,12,call,Rho,14.46402674237568,14.481724502823923,14.481724502823923,0.017697760448243116,0.017697760448243116,0.017697760448243116,0.017697760448243116,False
100,90.0,0.9,0.05,0.4,0.5,12,call,Theta_T,6.469503128589822,6.598259062877299,6.496739840314785,0.12875593428747667,0.02723671172496278,0.12875593428747667,0.02723671172496278,True
100,90.0,0.9,0.05,0.4,0.5,52,call,Delta,0.7746360192608481,0.7762607448098269,0.7737228092573911,0.0016247255489787449,-0.0009132100034570101,0.0016247255489787449,0.0009132100034570101,True
100,90.0,0.9,0.05,0.4,0.5,52,call,Vega,11.701712273897158,12.079629332085062,11.739758462477212,0.37791705818790433,0.03804618858005426,0.37791705818790433,0.03804618858005426,True
100,90.0,0.9,0.05,0.4,0.5,52,call,Rho,13.555497382471415,13.557183365486836,13.557183365486836,0.0016859830154203337,0.0016859830154203337,0.0016859830154203337,0.0016859830154203337,False
100,90.0,0.9,0.05,0.4,0.5,52,call,Theta_T,6.036008243432778,6.1875825448010024,6.079702499063919,0.1515743013682247,0.04369425563114149,0.1515743013682247,0.04369425563114149,True
100,90.0,0.9,0.05,0.4,1.0,12,call,Delta,0.7242785380765326,0.728009380627892,0.7239957546190823,0.003730842551359359,-0.00028278345745036404,0.003730842551359359,0.00028278345745036404,True
100,90.0,0.9,0.05,0.4,1.0,12,call,Vega,19.019272426017864,19.70745552790376,18.984279020665795,0.6881831018858975,-0.03499340535206841,0.6881831018858975,0.03499340535206841,True
100,90.0,0.9,0.05,0.4,1.0,12,call,Rho,24.139362128092756,24.215468003028207,24.215468003028207,0.0761058749354504,0.0761058749354504,0.0761058749354504,0.0761058749354504,False
100,90.0,0.9,0.05,0.4,1.0,12,call,Theta_T,5.0108756336782445,5.15227047581333,5.005000716692409,0.14139484213508524,-0.005874916985835199,0.14139484213508524,0.005874916985835199,True
100,90.0,0.9,0.05,0.4,1.0,52,call,Delta,0.726679786497284,0.730704943177205,0.7263268666044276,0.004025156679920983,-0.0003529198928564625,0.004025156679920983,0.0003529198928564625,True
100,90.0,0.9,0.05,0.4,1.0,52,call,Vega,17.890005806568077,18.677677512699553,17.918216487342598,0.7876717061314764,0.028210680774520824,0.7876717061314764,0.028210680774520824,True
100,90.0,0.9,0.05,0.4,1.0,52,call,Rho,22.46602684234489,22.51645470593644,22.51645470593644,0.05042786359155116,0.05042786359155116,0.05042786359155116,0.05042786359155116,False
100,90.0,0.9,0.05,0.4,1.0,52,call,Theta_T,4.700882852835662,4.861363927858404,4.705931110232329,0.16048107502274256,0.005048257396667033,0.16048107502274256,0.005048257396667033,True
100,90.0,0.9,0.05,0.4,2.0,12,call,Delta,0.6967744033059731,0.7023928495209297,0.696066013857326,0.005618446214956663,-0.0007083894486470399,0.005618446214956663,0.0007083894486470399,True
100,90.0,0.9,0.05,0.4,2.0,12,call,Vega,26.7729097772893,28.424882348199176,26.644342238002494,1.6519725709098765,-0.12856753928680575,1.6519725709098765,0.12856753928680575,True
100,90.0,0.9,0.05,0.4,2.0,12,call,Rho,38.10515417569604,38.15693832629918,38.15693832629918,0.05178415060314023,0.05178415060314023,0.05178415060314023,0.05178415060314023,False
100,90.0,0.9,0.05,0.4,2.0,12,call,Theta_T,3.629609371466964,3.7964139570101985,3.5974569131389256,0.1668045855432343,-0.03215245832803859,0.1668045855432343,0.03215245832803859,True
100,90.0,0.9,0.05,0.4,2.0,52,call,Delta,0.6942300312501715,0.7011340568204005,0.693991423024336,0.0069040255702290665,-0.00023860822583543495,0.0069040255702290665,0.00023860822583543495,True
100,90.0,0.9,0.05,0.4,2.0,52,call,Vega,25.30801264222582,27.122317836481002,25.27606955802497,1.8143051942551836,-0.03194308420084724,1.8143051942551836,0.03194308420084724,True
100,90.0,0.9,0.05,0.4,2.0,52,call,Rho,34.97469516348772,35.04222716868455,35.04222716868455,0.06753200519682423,0.06753200519682423,0.06753200519682423,0.06753200519682423,False
100,90.0,0.9,0.05,0.4,2.0,52,call,Theta_T,3.4051777974874575,3.5882896479726067,3.377565074934683,0.18311185048514922,-0.02761272255277447,0.18311185048514922,0.02761272255277447,True
100,100.0,1.0,0.05,0.1,0.5,12,call,Delta,0.6224668040488934,0.6235071562018257,0.6227292168852072,0.0010403521529323,0.00026241283631378565,0.0010403521529323,0.00026241283631378565,True
100,100.0,1.0,0.05,0.1,0.5,12,call,Vega,16.20325598637673,16.23184828331836,16.156611955097766,0.0285922969416319,-0.04664403127896222,0.0285922969416319,0.04664403127896222,False
100,100.0,1.0,0.05,0.1,0.5,12,call,Rho,15.786764095750971,15.814466520289727,15.814466520289727,0.02770242453875582,0.02770242453875582,0.02770242453875582,0.02770242453875582,False
100,100.0,1.0,0.05,0.1,0.5,12,call,Theta_T,3.199039006689657,3.204645385629666,3.1787928799900245,0.005606378940009371,-0.020246126699632327,0.005606378940009371,0.020246126699632327,False
100,100.0,1.0,0.05,0.1,0.5,52,call,Delta,0.6195925721201223,0.62090618553307,0.6202333435779472,0.0013136134129476673,0.0006407714578249291,0.0013136134129476673,0.0006407714578249291,True
100,100.0,1.0,0.05,0.1,0.5,52,call,Vega,15.489977976051783,15.521916419342974,15.486139355291417,0.031938443291190666,-0.003838620760365785,0.031938443291190666,0.003838620760365785,True
100,100.0,1.0,0.05,0.1,0.5,52,call,Rho,14.783224678704965,14.815304453346112,14.815304453346112,0.032079774641147196,0.032079774641147196,0.032079774641147196,0.032079774641147196,False
100,100.0,1.0,0.05,0.1,0.5,52,call,Theta_T,3.027282553959625,3.033735171033285,3.014054410637508,0.006452617073660072,-0.01322814332211708,0.006452617073660072,0.01322814332211708,False
100,100.0,1.0,0.05,0.1,1.0,12,call,Delta,0.6646925580983765,0.6659932721306139,0.6644092496409493,0.0013007140322374156,-0.00028330845742718935,0.0013007140322374156,0.00028330845742718935,True
100,100.0,1.0,0.05,0.1,1.0,12,call,Vega,21.46494263706966,21.540937018484694,21.611091082496035,0.07599438141503256,0.14614844542637329,0.07599438141503256,0.14614844542637329,False
100,100.0,1.0,0.05,0.1,1.0,12,call,Rho,32.60927090284582,32.67592427851351,32.67592427851351,0.06665337566769125,0.06665337566769125,0.06665337566769125,0.06665337566769125,False
100,100.0,1.0,0.05,0.1,1.0,12,call,Theta_T,2.7036467157068333,2.7108539582060898,2.6784952580264596,0.007207242499256417,-0.025151457680373746,0.007207242499256417,0.025151457680373746,False
100,100.0,1.0,0.05,0.1,1.0,52,call,Delta,0.6606098537699068,0.66212626530608,0.6604978460007405,0.0015164115361732122,-0.00011200776916631128,0.0015164115361732122,0.00011200776916631128,True
100,100.0,1.0,0.05,0.1,1.0,52,call,Vega,20.53764255851642,20.628145626272463,20.72304712938222,0.09050306775604255,0.1854045708657992,0.09050306775604255,0.1854045708657992,False
100,100.0,1.0,0.05,0.1,1.0,52,call,Rho,30.49052280830411,30.559855277476622,30.559855277476622,0.06933246917251168,0.06933246917251168,0.06933246917251168,0.06933246917251168,False
100,100.0,1.0,0.05,0.1,1.0,52,call,Theta_T,2.551368334507027,2.5594102064874935,2.531421016220899,0.008041871980466464,-0.019947318286127835,0.008041871980466464,0.019947318286127835,False
100,100.0,1.0,0.05,0.1,2.0,12,call,Delta,0.7127908666529148,0.7140569561565524,0.7123921907984121,0.0012660895036376019,-0.0003986758545027058,0.0012660895036376019,0.0003986758545027058,True
100,100.0,1.0,0.05,0.1,2.0,12,call,Vega,26.62495365975026,26.842347877698458,26.955675784574584,0.2173942179481969,0.33072212482432306,0.2173942179481969,0.33072212482432306,False
100,100.0,1.0,0.05,0.1,2.0,12,call,Rho,66.20329165026195,66.31649786862592,66.31649786862592,0.11320621836397038,0.11320621836397038,0.11320621836397038,0.11320621836397038,False
100,100.0,1.0,0.05,0.1,2.0,12,call,Theta_T,2.3207128794950727,2.3289827719085654,2.323425471015015,0.008269892413492741,0.002712591519942187,0.008269892413492741,0.002712591519942187,True
100,100.0,1.0,0.05,0.1,2.0,52,call,Delta,0.7064941767932043,0.7082542605215147,0.7062190764633991,0.0017600837283104909,-0.00027510032980515575,0.0017600837283104909,0.00027510032980515575,True
100,100.0,1.0,0.05,0.1,2.0,52,call,Vega,25.547341662198075,25.77983822012042,25.888489915953716,0.23249655792234591,0.34114825375564095,0.23249655792234591,0.34114825375564095,False
100,100.0,1.0,0.05,0.1,2.0,52,call,Rho,61.72028666434848,61.870887366999305,61.870887366999305,0.15060070265082715,0.15060070265082715,0.15060070265082715,0.15060070265082715,False
100,100.0,1.0,0.05,0.1,2.0,52,call,Theta_T,2.181781136837091,2.191279005787965,2.1864867441457925,0.009497868950874011,0.004705607308701509,0.009497868950874011,0.004705607308701509,True
100,100.0,1.0,0.05,0.2,0.5,12,call,Delta,0.5702671182085206,0.5724401032198889,0.5710165925102118,0.0021729850113683113,0.0007494743016911443,0.0021729850113683113,0.0007494743016911443,True
100,100.0,1.0,0.05,0.2,0.5,12,call,Vega,16.787944980451552,16.85125140486088,16.751415576319317,0.06330642440932621,-0.036529404132235044,0.06330642440932621,0.036529404132235044,True
100,100.0,1.0,0.05,0.2,0.5,12,call,Rho,13.633660469500875,13.689492512343193,13.689492512343193,0.055832042842318685,0.055832042842318685,0.055832042842318685,0.055832042842318685,False
100,100.0,1.0,0.05,0.2,0.5,12,call,Theta_T,4.7210437230456055,4.739213543264431,4.733499789069153,0.018169820218825627,0.012456066023547763,0.018169820218825627,0.012456066023547763,True
100,100.0,1.0,0.05,0.2,0.5,52,call,Delta,0.5675772712432314,0.5703264819889275,0.5688884513254955,0.002749210745696118,0.0013111800822640518,0.002749210745696118,0.0013111800822640518,True
100,100.0,1.0,0.05,0.2,0.5,52,call,Vega,16.02823820675314,16.1004710503565,16.025073528642462,0.07223284360335924,-0.0031646781106786648,0.07223284360335924,0.0031646781106786648,True
100,100.0,1.0,0.05,0.2,0.5,52,call,Rho,12.764936669698024,12.826513224677427,12.826513224677427,0.0615765549794034,0.0615765549794034,0.0615765549794034,0.0615765549794034,False
100,100.0,1.0,0.05,0.2,0.5,52,call,Theta_T,4.482203333717378,4.502758879998642,4.500274506033057,0.02055554628126366,0.018071172315679007,0.02055554628126366,0.018071172315679007,True
100,100.0,1.0,0.05,0.2,1.0,12,call,Delta,0.5940224875884903,0.5971924849213917,0.594695040997153,0.003169997332901353,0.0006725534086626794,0.003169997332901353,0.0006725534086626794,True
100,100.0,1.0,0.05,0.2,1.0,12,call,Vega,23.04248757923899,23.213147967248382,23.086773613718137,0.17066038800939154,0.04428603447914625,0.17066038800939154,0.04428603447914625,True
100,100.0,1.0,0.05,0.2,1.0,12,call,Rho,26.770229944399482,26.927793941964318,26.927793941964318,0.15756399756483574,0.15756399756483574,0.15756399756483574,0.15756399756483574,False
100,100.0,1.0,0.05,0.2,1.0,12,call,Theta_T,3.642823896308096,3.667708158112657,3.638981079937338,0.024884261804560825,-0.0038428163707582286,0.024884261804560825,0.0038428163707582286,True
100,100.0,1.0,0.05,0.2,1.0,52,call,Delta,0.5898988425800056,0.5939569337453054,0.5912807638650719,0.004058091165299871,0.001381921285066312,0.004058091165299871,0.001381921285066312,True
100,100.0,1.0,0.05,0.2,1.0,52,call,Vega,22.002550417871802,22.191086544395944,22.074438672623042,0.18853612652414142,0.07188825475124005,0.18853612652414142,0.07188825475124005,True
100,100.0,1.0,0.05,0.2,1.0,52,call,Rho,24.990533273956395,25.177039094361753,25.177039094361753,0.18650582040535824,0.18650582040535824,0.18650582040535824,0.18650582040535824,False
100,100.0,1.0,0.05,0.2,1.0,52,call,Theta_T,3.4497595763164335,3.477964059933205,3.4506641266567506,0.028204483616771636,0.0009045503403171118,0.028204483616771636,0.0009045503403171118,True
100,100.0,1.0,0.05,0.2,2.0,12,call,Delta,0.6215889568085231,0.6256993624776008,0.6223378686602565,0.004110405669077721,0.0007489118517334248,0.004110405669077721,0.0007489118517334248,True
100,100.0,1.0,0.05,0.2,2.0,12,call,Vega,30.685172570525943,31.15471743114373,30.727659086037917,0.46954486061778766,0.04248651551197469,0.46954486061778766,0.04248651551197469,True
100,100.0,1.0,0.05,0.2,2.0,12,call,Rho,51.086162323015216,51.43408865568411,51.43408865568411,0.34792633266889084,0.34792633266889084,0.34792633266889084,0.34792633266889084,False
100,100.0,1.0,0.05,0.2,2.0,12,call,Theta_T,2.8113696791899834,2.843590297663212,2.8086503598941093,0.03222061847322877,-0.002719319295874101,0.03222061847322877,0.002719319295874101,True
100,100.0,1.0,0.05,0.2,2.0,52,call,Delta,0.6160386066889156,0.6206414074222533,0.6167457421144729,0.004602800733337631,0.000707135425557226,0.004602800733337631,0.000707135425557226,True
100,100.0,1.0,0.05,0.2,2.0,52,call,Vega,29.288801612667115,29.815733157119162,29.368977643629,0.5269315444520473,0.08017603096188708,0.5269315444520473,0.08017603096188708,True
100,100.0,1.0,0.05,0.2,2.0,52,call,Rho,47.55107770332501,47.91787230163713,47.91787230163713,0.3667945983121257,0.3667945983121257,0.3667945983121257,0.3667945983121257,False
100,100.0,1.0,0.05,0.2,2.0,52,call,Theta_T,2.653189945184371,2.688735510105542,2.651618246573646,0.03554556492117111,-0.0015716986107250364,0.03554556492117111,0.0015716986107250364,True
100,100.0,1.0,0.05,0.4,0.5,12,call,Delta,0.5538032800341863,0.5590982611199546,0.5557227134408871,0.005294981085768313,0.0019194334067007546,0.005294981085768313,0.0019194334067007546,True
100,100.0,1.0,0.05,0.4,0.5,12,call,Vega,16.875372716430803,17.069705583742323,16.823347814522105,0.19433286731151966,-0.05202490190869824,0.19433286731151966,0.05202490190869824,True
100,100.0,1.0,0.05,0.4,0.5,12,call,Rho,11.685659998645903,11.816131620152603,11.816131620152603,0.13047162150670033,0.13047162150670033,0.13047162150670033,0.13047162150670033,False
100,100.0,1.0,0.05,0.4,0.5,12,call,Theta_T,7.918791906573293,8.009521720439627,7.940928118800789,0.09072981386633483,0.02213621222749662,0.09072981386633483,0.02213621222749662,True
100,100.0,1.0,0.05,0.4,0.5,52,call,Delta,0.5509127198361918,0.556680260070106,0.5530058949347483,0.005767540233914126,0.0020931750985564435,0.005767540233914126,0.0020931750985564435,True
100,100.0,1.0,0.05,0.4,0.5,52,call,Vega,16.100505067510706,16.31945281661107,16.067491439535786,0.2189477491003622,-0.03301362797492047,0.2189477491003622,0.03301362797492047,True
100,100.0,1.0,0.05,0.4,0.5,52,call,Rho,10.921075679295456,11.051987167336463,11.051987167336463,0.13091148804100783,0.13091148804100783,0.13091148804100783,0.13091148804100783,False
100,100.0,1.0,0.05,0.4,0.5,52,call,Theta_T,7.532257638252255,7.633004955679572,7.561756004242166,0.10074731742731657,0.029498365989910624,0.10074731742731657,0.029498365989910624,True
100,100.0,1.0,0.05,0.4,1.0,12,call,Delta,0.5719639376276842,0.5790033448366927,0.5735023771083725,0.00703940720900853,0.001538439480688325,0.00703940720900853,0.001538439480688325,True
100,100.0,1.0,0.05,0.4,1.0,12,call,Vega,23.267573578018563,23.81578040538468,23.199026276735424,0.5482068273661156,-0.06854730128313946,0.5482068273661156,0.06854730128313946,True
100,100.0,1.0,0.05,0.4,1.0,12,call,Rho,21.43649845554485,21.742906007604645,21.742906007604645,0.3064075520597953,0.3064075520597953,0.3064075520597953,0.3064075520597953,False
100,100.0,1.0,0.05,0.4,1.0,12,call,Theta_T,5.725330351391822,5.85030617072964,5.725684986230979,0.1249758193378181,0.00035463483915698646,0.1249758193378181,0.00035463483915698646,True
100,100.0,1.0,0.05,0.4,1.0,52,call,Delta,0.5674049986003826,0.5753584788833876,0.5693650640463943,0.007953480283005021,0.001960065446011683,0.007953480283005021,0.001960065446011683,True
100,100.0,1.0,0.05,0.4,1.0,52,call,Vega,22.189194205618712,22.79511551107216,22.158045949496774,0.6059213054534496,-0.031148256121937834,0.6059213054534496,0.031148256121937834,True
100,100.0,1.0,0.05,0.4,1.0,52,call,Rho,19.945691385290232,20.26217289182064,20.26217289182064,0.3164815065304083,0.3164815065304083,0.3164815065304083,0.3164815065304083,False
100,100.0,1.0,0.05,0.4,1.0,52,call,Theta_T,5.435141382612079,5.572136290436696,5.443057520808718,0.13699490782461687,0.007916138196639722,0.13699490782461687,0.007916138196639722,True
100,100.0,1.0,0.05,0.4,2.0,12,call,Delta,0.5922482129163598,0.601804860769688,0.5928416555956773,0.009556647853328215,0.0005934426793174907,0.009556647853328215,0.0005934426793174907,True
100,100.0,1.0,0.05,0.4,2.0,12,call,Vega,31.276367394890592,32.774818244673654,31.169664455567236,1.4984508497830618,-0.1067029393233554,1.4984508497830618,0.1067029393233554,True
100,100.0,1.0,0.05,0.4,2.0,12,call,Rho,36.77719641789423,37.38755617894718,37.38755617894718,0.6103597610529476,0.6103597610529476,0.6103597610529476,0.6103597610529476,False
100,100.0,1.0,0.05,0.4,2.0,12,call,Theta_T,4.047065036831752,4.2121717194424235,4.015309157589928,0.16510668261067174,-0.03175587924182377,0.16510668261067174,0.03175587924182377,True
100,100.0,1.0,0.05,0.4,2.0,52,call,Delta,0.5856192577901531,0.5962242329903944,0.5863542878729966,0.010604975200241284,0.0007350300828434797,0.010604975200241284,0.0007350300828434797,True
100,100.0,1.0,0.05,0.4,2.0,52,call,Vega,29.796111812740556,31.43922995917592,29.784337087002122,1.6431181464353628,-0.011774725738433744,1.6431181464353628,0.011774725738433744,True
100,100.0,1.0,0.05,0.4,2.0,52,call,Rho,33.989553013267226,34.5837588646436,34.5837588646436,0.5942058513763726,0.5942058513763726,0.5942058513763726,0.5942058513763726,False
100,100.0,1.0,0.05,0.4,2.0,52,call,Theta_T,3.8291798410889255,4.008517876180977,3.803593258537994,0.17933803509205148,-0.025586582550931602,0.17933803509205148,0.025586582550931602,True
100,110.00000000000001,1.1,0.05,0.1,0.5,12,call,Delta,0.03181790973881757,0.03126513544469838,0.03192504382813474,-0.0005527742941191863,0.0001071340893171735,0.0005527742941191863,0.0001071340893171735,True
100,110.00000000000001,1.1,0.05,0.1,0.5,12,call,Vega,3.1379399530175425,3.056750042361004,3.052751078271819,-0.08118991065653836,-0.08518887474572345,0.08118991065653836,0.08518887474572345,False
100,110.00000000000001,1.1,0.05,0.1,0.5,12,call,Rho,0.8561524379527286,0.8403480539163205,0.8403480539163899,-0.015804384036408048,-0.01580438403633866,0.015804384036408048,0.01580438403633866,True
100,110.00000000000001,1.1,0.05,0.1,0.5,12,call,Theta_T,0.3991303527583993,0.38969987015326946,0.38646854257974717,-0.009430482605129853,-0.012661810178652144,0.009430482605129853,0.012661810178652144,False
100,110.00000000000001,1.1,0.05,0.1,0.5,52,call,Delta,0.024932976556993926,0.02436205899417246,0.024966433087828116,-0.0005709175628214672,3.345653083419026e-05,0.0005709175628214672,3.345653083419026e-05,True
100,110.00000000000001,1.1,0.05,0.1,0.5,52,call,Vega,2.451604453434997,2.3717166312744418,2.4216227260767145,-0.07988782216055546,-0.02998172735828275,0.07988782216055546,0.02998172735828275,True
100,110.00000000000001,1.1,0.05,0.1,0.5,52,call,Rho,0.6296973324080093,0.6185717475806068,0.6185717475806068,-0.011125584827402446,-0.011125584827402446,0.011125584827402446,0.011125584827402446,False
100,110.00000000000001,1.1,0.05,0.1,0.5,52,call,Theta_T,0.3076368973742059,0.29901453825393626,0.3053069643261907,-0.008622359120269651,-0.002329933048015209,0.008622359120269651,0.002329933048015209,True
100,110.00000000000001,1.1,0.05,0.1,1.0,12,call,Delta,0.13858679074369246,0.13836158298421053,0.13772960420820268,-0.00022520775948192684,-0.0008571865354897734,0.00022520775948192684,0.0008571865354897734,False
100,110.00000000000001,1.1,0.05,0.1,1.0,12,call,Vega,13.667836884598715,13.531209344467415,13.703793509844909,-0.1366275401313004,0.03595662524619314,0.1366275401313004,0.03595662524619314,True
100,110.00000000000001,1.1,0.05,0.1,1.0,12,call,Rho,7.279201227174125,7.275000027369971,7.275000027369971,-0.004201199804154676,-0.004201199804154676,0.004201199804154676,0.004201199804154676,False
100,110.00000000000001,1.1,0.05,0.1,1.0,12,call,Theta_T,1.0472776825371188,1.04033327785635,1.0212990365235255,-0.006944404680768734,-0.025978646013593343,0.006944404680768734,0.025978646013593343,False
100,110.00000000000001,1.1,0.05,0.1,1.0,52,call,Delta,0.12158955088634377,0.1213873402840962,0.12056709308314872,-0.0002022106022475656,-0.0010224578031950426,0.0002022106022475656,0.0010224578031950426,False
100,110.00000000000001,1.1,0.05,0.1,1.0,52,call,Vega,11.957027721695074,11.809480662484134,12.021258061682499,-0.14754705921093958,0.06423033998742511,0.14754705921093958,0.06423033998742511,True
100,110.00000000000001,1.1,0.05,0.1,1.0,52,call,Rho,6.033733223156645,6.0325750766018755,6.0325750766018755,-0.0011581465547694236,-0.0011581465547694236,0.0011581465547694236,0.0011581465547694236,False
100,110.00000000000001,1.1,0.05,0.1,1.0,52,call,Theta_T,0.8992614599890241,0.8921233519722007,0.8808106289544101,-0.007138108016823352,-0.01845083103461398,0.007138108016823352,0.01845083103461398,False
100,110.00000000000001,1.1,0.05,0.1,2.0,12,call,Delta,0.32063126715736745,0.3221835571900744,0.3203597767845068,0.00155229003270696,-0.0002714903728606721,0.00155229003270696,0.0002714903728606721,True
100,110.00000000000001,1.1,0.05,0.1,2.0,12,call,Vega,30.725102756124723,30.672057570302556,30.950201053014382,-0.05304518582216744,0.22509829688965866,0.05304518582216744,0.22509829688965866,False
100,110.00000000000001,1.1,0.05,0.1,2.0,12,call,Rho,32.360384586598286,32.526554111058644,32.526554111058644,0.16616952446035782,0.16616952446035782,0.16616952446035782,0.16616952446035782,False
100,110.00000000000001,1.1,0.05,0.1,2.0,12,call,Theta_T,1.5771619894092719,1.5799724792176006,1.5691461987322446,0.0028104898083287644,-0.00801579067702729,0.0028104898083287644,0.00801579067702729,False
100,110.00000000000001,1.1,0.05,0.1,2.0,52,call,Delta,0.29782589194705666,0.30007138833672453,0.29776683770593837,0.002245496389667867,-5.9054241118294826e-05,0.002245496389667867,5.9054241118294826e-05,True
100,110.00000000000001,1.1,0.05,0.1,2.0,52,call,Vega,28.481927659591232,28.436104924478787,28.72401799087021,-0.045822735112444946,0.24209033127897683,0.045822735112444946,0.24209033127897683,False
100,110.00000000000001,1.1,0.05,0.1,2.0,52,call,Rho,28.399577806957897,28.652341301996785,28.652341301996785,0.25276349503888795,0.25276349503888795,0.25276349503888795,0.25276349503888795,False
100,110.00000000000001,1.1,0.05,0.1,2.0,52,call,Theta_T,1.421939367667731,1.4272195245913293,1.4205102917594914,0.005280156923598289,-0.0014290759082395965,0.005280156923598289,0.0014290759082395965,True
100,110.00000000000001,1.1,0.05,0.2,0.5,12,call,Delta,0.18292250362613116,0.18312340655148807,0.18267497979370995,0.00020090292535690502,-0.0002475238324212148,0.00020090292535690502,0.0002475238324212148,False
100,110.00000000000001,1.1,0.05,0.2,0.5,12,call,Vega,11.617812311297214,11.510014810281133,11.497491783866609,-0.10779750101608165,-0.1203205274306054,0.10779750101608165,0.1203205274306054,False
100,110.00000000000001,1.1,0.05,0.2,0.5,12,call,Rho,4.675499430655816,4.686063498194337,4.686063498194337,0.010564067538521016,0.010564067538521016,0.010564067538521016,0.010564067538521016,False
100,110.00000000000001,1.1,0.05,0.2,0.5,12,call,Theta_T,2.791266417137502,2.7706171657144947,2.7937631370322467,-0.020649251423007442,0.002496719894744537,0.020649251423007442,0.002496719894744537,True
100,110.00000000000001,1.1,0.05,0.2,0.5,52,call,Delta,0.16856717126545573,0.16868162027893707,0.16807248771084748,0.00011444901348134362,-0.000494683554608244,0.00011444901348134362,0.000494683554608244,False
100,110.00000000000001,1.1,0.05,0.2,0.5,52,call,Vega,10.561904573134829,10.43837909977957,10.46474017491511,-0.12352547335525799,-0.0971643982197179,0.12352547335525799,0.0971643982197179,True
100,110.00000000000001,1.1,0.05,0.2,0.5,52,call,Rho,4.071807064636168,4.080419541129809,4.080419541129809,0.008612476493641275,0.008612476493641275,0.008612476493641275,0.008612476493641275,False
100,110.00000000000001,1.1,0.05,0.2,0.5,52,call,Theta_T,2.5196355030898094,2.4957248607942093,2.5254522207436123,-0.023910642295600137,0.005816717653802872,0.023910642295600137,0.005816717653802872,True
100,110.00000000000001,1.1,0.05,0.2,1.0,12,call,Delta,0.30220929810132136,0.30511356680329893,0.3031365955817966,0.002904268701977575,0.0009272974804752643,0.002904268701977575,0.0009272974804752643,True
100,110.00000000000001,1.1,0.05,0.2,1.0,12,call,Vega,21.435617319920606,21.42390708907249,21.416038274904235,-0.01171023084811651,-0.01957904501637131,0.01171023084811651,0.01957904501637131,False
100,110.00000000000001,1.1,0.05,0.2,1.0,12,call,Rho,14.670183567735418,14.845173419346658,14.845173419346658,0.17498985161124025,0.17498985161124025,0.17498985161124025,0.17498985161124025,False
100,110.00000000000001,1.1,0.05,0.2,1.0,12,call,Theta_T,2.877079140032611,2.884655902890175,2.875491831008672,0.0075767628575640344,-0.0015873090239391097,0.0075767628575640344,0.0015873090239391097,True
100,110.00000000000001,1.1,0.05,0.2,1.0,52,call,Delta,0.2877769203345104,0.2902960401813437,0.28801091718930083,0.0025191198468332843,0.0002339968547904192,0.0025191198468332843,0.0002339968547904192,True
100,110.00000000000001,1.1,0.05,0.2,1.0,52,call,Vega,20.057134725832704,20.012634719960065,20.028938182271137,-0.04450000587263858,-0.028196543561566756,0.04450000587263858,0.028196543561566756,True
100,110.00000000000001,1.1,0.05,0.2,1.0,52,call,Rho,13.20697069267629,13.355694752061886,13.355694752061886,0.14872405938559652,0.14872405938559652,0.14872405938559652,0.14872405938559652,False
100,110.00000000000001,1.1,0.05,0.2,1.0,52,call,Theta_T,2.6659884212672735,2.6690549749209267,2.664670056340266,0.003066553653653159,-0.0013183649270076536,0.003066553653653159,0.0013183649270076536,True
100,110.00000000000001,1.1,0.05,0.2,2.0,12,call,Delta,0.4177290450373716,0.4232402374002664,0.4193505429990463,0.005511192362894768,0.001621497961674656,0.005511192362894768,0.001621497961674656,True
100,110.00000000000001,1.1,0.05,0.2,2.0,12,call,Vega,33.12498670675134,33.37991431562281,33.13374698434801,0.25492760887146915,0.008760277596664423,0.25492760887146915,0.008760277596664423,True
100,110.00000000000001,1.1,0.05,0.2,2.0,12,call,Rho,37.31321878874816,37.93351166563319,37.93351166563319,0.6202928768850313,0.6202928768850313,0.6202928768850313,0.6202928768850313,False
100,110.00000000000001,1.1,0.05,0.2,2.0,12,call,Theta_T,2.5890866423304915,2.6173346164100164,2.583364246496098,0.02824797407952495,-0.005722395834393268,0.02824797407952495,0.005722395834393268,True
100,110.00000000000001,1.1,0.05,0.2,2.0,52,call,Delta,0.40326810432248283,0.4093298545657964,0.4048100829436141,0.006061750243313568,0.001541978621131257,0.006061750243313568,0.001541978621131257,True
100,110.00000000000001,1.1,0.05,0.2,2.0,52,call,Vega,31.394578793346728,31.66565886654782,31.414240161610874,0.27108007320109095,0.01966136826414555,0.27108007320109095,0.01966136826414555,True
100,110.00000000000001,1.1,0.05,0.2,2.0,52,call,Rho,34.04789603442371,34.6913691683115,34.6913691683115,0.6434731338877953,0.6434731338877953,0.6434731338877953,0.6434731338877953,False
100,110.00000000000001,1.1,0.05,0.2,2.0,52,call,Theta_T,2.4209302791627674,2.4505684591522536,2.417772771877682,0.029638179989486257,-0.003157507285085348,0.029638179989486257,0.003157507285085348,True
100,110.00000000000001,1.1,0.05,0.4,0.5,12,call,Delta,0.34303150778397073,0.34749173895588514,0.34421397404638787,0.004460231171914408,0.0011824662624171367,0.004460231171914408,0.0011824662624171367,True
100,110.00000000000001,1.1,0.05,0.4,0.5,12,call,Vega,16.031605627855548,16.090330685941456,15.96343659483912,0.058725058085908444,-0.06816903301642796,0.058725058085908444,0.06816903301642796,False
100,110.00000000000001,1.1,0.05,0.4,0.5,12,call,Rho,7.8091790613443735,7.935970545385196,7.935970545385196,0.1267914840408224,0.1267914840408224,0.1267914840408224,0.1267914840408224,False
100,110.00000000000001,1.1,0.05,0.4,0.5,12,call,Theta_T,7.193408133758106,7.229742121858828,7.202485340626818,0.03633398810072208,0.00907720686871194,0.03633398810072208,0.00907720686871194,True
100,110.00000000000001,1.1,0.05,0.4,0.5,52,call,Delta,0.330513607255023,0.3360943426565943,0.3324004660236968,0.005580735401571335,0.0018868587686737825,0.005580735401571335,0.0018868587686737825,True
100,110.00000000000001,1.1,0.05,0.4,0.5,52,call,Vega,15.117951484015624,15.18552927438166,15.067477370146909,0.06757779036603573,-0.05047411386871481,0.06757779036603573,0.05047411386871481,True
100,110.00000000000001,1.1,0.05,0.4,0.5,52,call,Rho,7.1003549685255685,7.256948270604191,7.256948270604191,0.15659330207862254,0.15659330207862254,0.15659330207862254,0.15659330207862254,False
100,110.00000000000001,1.1,0.05,0.4,0.5,52,call,Theta_T,6.757264207108486,6.799917728508605,6.7733576058800855,0.04265352140011913,0.016093398771599432,0.04265352140011913,0.016093398771599432,True
100,110.00000000000001,1.1,0.05,0.4,1.0,12,call,Delta,0.4229552106056911,0.43026567985086306,0.4244702691174185,0.00731046924517198,0.0015150585117273963,0.00731046924517198,0.0015150585117273963,True
100,110.00000000000001,1.1,0.05,0.4,1.0,12,call,Vega,23.81169159412133,24.19917520574444,23.733077492447574,0.3874836116231073,-0.07861410167375738,0.3874836116231073,0.07861410167375738,True
100,110.00000000000001,1.1,0.05,0.4,1.0,12,call,Rho,17.217837765426403,17.61253601826329,17.61253601826329,0.3946982528368892,0.3946982528368892,0.3946982528368892,0.3946982528368892,False
100,110.00000000000001,1.1,0.05,0.4,1.0,12,call,Theta_T,5.62329416860966,5.7204658669262205,5.627884783615031,0.09717169831656047,0.00459061500537139,0.09717169831656047,0.00459061500537139,True
100,110.00000000000001,1.1,0.05,0.4,1.0,52,call,Delta,0.4111786173134302,0.420033773750661,0.41364538168344733,0.008855156437230782,0.0024667643700171382,0.008855156437230782,0.0024667643700171382,True
100,110.00000000000001,1.1,0.05,0.4,1.0,52,call,Vega,22.61269057484938,23.030530723300746,22.558563371800844,0.41784014845136497,-0.05412720304853735,0.41784014845136497,0.05412720304853735,True
100,110.00000000000001,1.1,0.05,0.4,1.0,52,call,Rho,15.789335595837173,16.245459293151576,16.245459293151576,0.4561236973144034,0.4561236973144034,0.4561236973144034,0.4561236973144034,False
100,110.00000000000001,1.1,0.05,0.4,1.0,52,call,Theta_T,5.312031609916021,5.418382920488725,5.324696260450197,0.10635131057270364,0.01266465053417587,0.10635131057270364,0.01266465053417587,True
100,110.00000000000001,1.1,0.05,0.4,2.0,12,call,Delta,0.48956771558157364,0.5016853834893809,0.4915038329725707,0.012117667907807217,0.001936117390997083,0.012117667907807217,0.001936117390997083,True
100,110.00000000000001,1.1,0.05,0.4,2.0,12,call,Vega,33.222302999636355,34.55511293230007,33.163001033014616,1.3328099326637144,-0.0593019666217387,1.3328099326637144,0.0593019666217387,True
100,110.00000000000001,1.1,0.05,0.4,2.0,12,call,Rho,33.364758240930215,34.42772309269593,34.42772309269593,1.062964851765713,1.062964851765713,1.062964851765713,1.062964851765713,False
100,110.00000000000001,1.1,0.05,0.4,2.0,12,call,Theta_T,4.156345615387305,4.316205098182593,4.132789199079019,0.15985948279528817,-0.023556416308285755,0.15985948279528817,0.023556416308285755,True
100,110.00000000000001,1.1,0.05,0.4,2.0,52,call,Delta,0.4786896147131259,0.49165948997511144,0.4805041853738423,0.012969875261985564,0.0018145706607164414,0.012969875261985564,0.0018145706607164414,True
100,110.00000000000001,1.1,0.05,0.4,2.0,52,call,Vega,31.634046902491164,33.07530132510639,31.647896137477538,1.4412544226152235,0.013849234986373915,1.4412544226152235,0.013849234986373915,True
100,110.00000000000001,1.1,0.05,0.4,2.0,52,call,Rho,30.737788152110923,31.798179161723894,31.798179161723894,1.060391009612971,1.060391009612971,1.060391009612971,1.060391009612971,False
100,110.00000000000001,1.1,0.05,0.4,2.0,52,call,Theta_T,3.9318519627278414,4.102485295634786,3.91435934914254,0.17063333290694427,-0.01749261358530152,0.17063333290694427,0.01749261358530152,True
100,120.0,1.2,0.05,0.1,0.5,12,call,Delta,6.188046270582897e-05,5.6570858347908574e-05,0.0026441430690610267,-5.309604357920397e-06,0.002582262606355198,5.309604357920397e-06,0.002582262606355198,False
100,120.0,1.2,0.05,0.1,0.5,12,call,Vega,0.011390258933109248,0.010085238382374375,0.11623114409499381,-0.0013050205507348731,0.10484088516188457,0.0013050205507348731,0.10484088516188457,False
100,120.0,1.2,0.05,0.1,0.5,12,call,Rho,0.001491084471458538,0.0015627505408171752,0.0015627505408136178,7.166606935863728e-05,7.16660693550798e-05,7.166606935863728e-05,7.16660693550798e-05,True
100,120.0,1.2,0.05,0.1,0.5,12,call,Theta_T,0.0012261991697976329,0.001162065557098129,0.02816405317124117,-6.413361269950383e-05,0.026937854001443537,6.413361269950383e-05,0.026937854001443537,False
100,120.0,1.2,0.05,0.1,0.5,52,call,Delta,0.0,2.4253470207438323e-05,0.0024222975805395577,2.4253470207438323e-05,0.0024222975805395577,2.4253470207438323e-05,0.0024222975805395577,False
100,120.0,1.2,0.05,0.1,0.5,52,call,Vega,0.0,0.004326842061414273,0.17756578399484899,0.004326842061414273,0.17756578399484899,0.004326842061414273,0.17756578399484899,False
100,120.0,1.2,0.05,0.1,0.5,52,call,Rho,0.0,0.000634469970281971,0.0006344699702819372,0.000634469970281971,0.0006344699702819372,0.000634469970281971,0.0006344699702819372,True
100,120.0,1.2,0.05,0.1,0.5,52,call,Theta_T,0.0,0.0004946602733538503,0.04008054544796651,0.0004946602733538503,0.04008054544796651,0.0004946602733538503,0.04008054544796651,False
100,120.0,1.2,0.05,0.1,1.0,12,call,Delta,0.006576851628957046,0.0063542905161577574,0.0072543802636395975,-0.0002225611127992886,0.0006775286346825515,0.0002225611127992886,0.0006775286346825515,False
100,120.0,1.2,0.05,0.1,1.0,12,call,Vega,1.1646501480362652,1.1016328123387067,1.4128385855163763,-0.06301733569755852,0.2481884374801111,0.06301733569755852,0.2481884374801111,False
100,120.0,1.2,0.05,0.1,1.0,12,call,Rho,0.35658229432277905,0.34629564709059457,0.3462956470905859,-0.010286647232184476,-0.010286647232193136,0.010286647232184476,0.010286647232193136,False
100,120.0,1.2,0.05,0.1,1.0,12,call,Theta_T,0.07552326715770412,0.07237777306657953,0.07508960723289135,-0.0031454940911245927,-0.00043365992481277094,0.0031454940911245927,0.00043365992481277094,True
100,120.0,1.2,0.05,0.1,1.0,52,call,Delta,0.004566383955436713,0.004174060395848176,0.004767188627363035,-0.00039232355958853694,0.00020080467192632248,0.00039232355958853694,0.00020080467192632248,True
100,120.0,1.2,0.05,0.1,1.0,52,call,Vega,0.805158185933269,0.7243084073868563,1.0878953917147285,-0.08084977854641273,0.28273720578145944,0.08084977854641273,0.28273720578145944,False
100,120.0,1.2,0.05,0.1,1.0,52,call,Rho,0.23687974828096384,0.21557660340692023,0.21557660340692023,-0.02130314487404361,-0.02130314487404361,0.02130314487404361,0.02130314487404361,False
100,120.0,1.2,0.05,0.1,1.0,52,call,Theta_T,0.05231732363226325,0.04697744640922998,0.0604709428052432,-0.005339877223033265,0.00815361917297995,0.005339877223033265,0.00815361917297995,False
100,120.0,1.2,0.05,0.1,2.0,12,call,Delta,0.07601064202115343,0.0755049950690953,0.07429478398411626,-0.0005056469520581253,-0.0017158580370371657,0.0005056469520581253,0.0017158580370371657,False
100,120.0,1.2,0.05,0.1,2.0,12,call,Vega,12.634093357654613,12.36775191476508,12.84147048127382,-0.26634144288953365,0.20737712361920657,0.26634144288953365,0.20737712361920657,True
100,120.0,1.2,0.05,0.1,2.0,12,call,Rho,8.025347451260101,7.994621899878873,7.994621899878873,-0.030725551381228122,-0.030725551381228122,0.030725551381228122,0.030725551381228122,False
100,120.0,1.2,0.05,0.1,2.0,12,call,Theta_T,0.5163354594053011,0.5090686557675494,0.5030139714042765,-0.007266803637751673,-0.013321488001024617,0.007266803637751673,0.013321488001024617,False
100,120.0,1.2,0.05,0.1,2.0,52,call,Delta,0.06252236865343971,0.061358983489954305,0.059579910527876034,-0.0011633851634854087,-0.0029424581255636795,0.0011633851634854087,0.0029424581255636795,False
100,120.0,1.2,0.05,0.1,2.0,52,call,Vega,10.430280710229125,10.07788157198372,10.574557699501385,-0.3523991382454046,0.14427698927226018,0.3523991382454046,0.14427698927226018,True
100,120.0,1.2,0.05,0.1,2.0,52,call,Rho,6.26628197740689,6.162610624975834,6.162610624975834,-0.10367135243105619,-0.10367135243105619,0.10367135243105619,0.10367135243105619,False
100,120.0,1.2,0.05,0.1,2.0,52,call,Theta_T,0.4175696295353527,0.406017829507958,0.40714033671288186,-0.011551800027394699,-0.010429292822470848,0.011551800027394699,0.010429292822470848,True
100,120.0,1.2,0.05,0.2,0.5,12,call,Delta,0.029856437745734016,0.028697686470734313,0.029799563589566758,-0.001158751274999703,-5.6874156167258105e-05,0.001158751274999703,5.6874156167258105e-05,True
100,120.0,1.2,0.05,0.2,0.5,12,call,Vega,3.0141648059412507,2.8525078621269158,2.9648054305897036,-0.16165694381433493,-0.04935937535154711,0.16165694381433493,0.04935937535154711,True
100,120.0,1.2,0.05,0.2,0.5,12,call,Rho,0.7924683272618471,0.7646690829222341,0.7646690829223035,-0.027799244339613005,-0.027799244339543616,0.027799244339613005,0.027799244339543616,True
100,120.0,1.2,0.05,0.2,0.5,12,call,Theta_T,0.681620613658535,0.6469591382602277,0.7060337723653343,-0.03466147539830733,0.024413158706799276,0.03466147539830733,0.024413158706799276,True
100,120.0,1.2,0.05,0.2,0.5,52,call,Delta,0.0235833327479891,0.022599132556344187,0.023419498031594238,-0.0009842001916449128,-0.0001638347163948617,0.0009842001916449128,0.0001638347163948617,True
100,120.0,1.2,0.05,0.2,0.5,52,call,Vega,2.3781626528383004,2.231131866967488,2.3955015143096516,-0.14703078587081242,0.01733886147135122,0.14703078587081242,0.01733886147135122,True
100,120.0,1.2,0.05,0.2,0.5,52,call,Rho,0.596059220631176,0.5709800397585285,0.5709800397585285,-0.02507918087264749,-0.02507918087264749,0.02507918087264749,0.02507918087264749,False
100,120.0,1.2,0.05,0.2,0.5,52,call,Theta_T,0.5351647683548542,0.5033143244191437,0.5720304910705902,-0.03185044393571046,0.03686572271573607,0.03185044393571046,0.03686572271573607,False
100,120.0,1.2,0.05,0.2,1.0,12,call,Delta,0.11432471635899333,0.11358329342674667,0.11278950751606565,-0.0007414229322466603,-0.0015352088429276822,0.0007414229322466603,0.0015352088429276822,False
100,120.0,1.2,0.05,0.2,1.0,12,call,Vega,12.101713331638065,11.8388781430519,11.984306661759314,-0.2628351885861644,-0.11740666987875059,0.2628351885861644,0.11740666987875059,True
100,120.0,1.2,0.05,0.2,1.0,12,call,Rho,5.8269872666544265,5.806797417604592,5.806797417604592,-0.02018984904983423,-0.02018984904983423,0.02018984904983423,0.02018984904983423,False
100,120.0,1.2,0.05,0.2,1.0,12,call,Theta_T,1.501888922624094,1.4742362996802292,1.492513650897536,-0.027652622943864724,-0.009375271726557832,0.027652622943864724,0.009375271726557832,True
100,120.0,1.2,0.05,0.2,1.0,52,call,Delta,0.1011932932922538,0.09978310431671189,0.09857566152179253,-0.001410188975541904,-0.0026176317704612595,0.001410188975541904,0.0026176317704612595,False
100,120.0,1.2,0.05,0.2,1.0,52,call,Vega,10.638049311123442,10.30587756213519,10.488666334651342,-0.33217174898825164,-0.14938297647210064,0.33217174898825164,0.14938297647210064,True
100,120.0,1.2,0.05,0.2,1.0,52,call,Rho,4.888978911118391,4.8407222131219285,4.8407222131219285,-0.048256697996462705,-0.048256697996462705,0.048256697996462705,0.048256697996462705,False
100,120.0,1.2,0.05,0.2,1.0,52,call,Theta_T,1.308087112691783,1.272630984592087,1.2987476330249912,-0.035456128099696116,-0.009339479666791828,0.035456128099696116,0.009339479666791828,True
100,120.0,1.2,0.05,0.2,2.0,12,call,Delta,0.2473829115012416,0.25003140597549933,0.24646335115819484,0.0026484944742577454,-0.0009195603430467436,0.0026484944742577454,0.0009195603430467436,True
100,120.0,1.2,0.05,0.2,2.0,12,call,Vega,27.565829405888252,27.51044719749962,27.474530675097196,-0.05538220838863239,-0.09129873079105622,0.05538220838863239,0.09129873079105622,False
100,120.0,1.2,0.05,0.2,2.0,12,call,Rho,23.437427316677084,23.806556726184702,23.806556726184702,0.3691294095076181,0.3691294095076181,0.3691294095076181,0.3691294095076181,False
100,120.0,1.2,0.05,0.2,2.0,12,call,Theta_T,1.9641887134415825,1.9706932259468157,1.9471897997546805,0.0065045125052332065,-0.016998913686901984,0.0065045125052332065,0.016998913686901984,False
100,120.0,1.2,0.05,0.2,2.0,52,call,Delta,0.22923823495072382,0.23216033927143886,0.22788730355862263,0.0029221043207150466,-0.0013509313921011845,0.0029221043207150466,0.0013509313921011845,True
100,120.0,1.2,0.05,0.2,2.0,52,call,Vega,25.370041393711904,25.275453148625225,25.247473229890403,-0.09458824508667973,-0.12256816382150149,0.09458824508667973,0.12256816382150149,False
100,120.0,1.2,0.05,0.2,2.0,52,call,Rho,20.592151351721544,20.991169949668986,20.991169949668986,0.39901859794744254,0.39901859794744254,0.39901859794744254,0.39901859794744254,False
100,120.0,1.2,0.05,0.2,2.0,52,call,Theta_T,1.783158673996731,1.7885589889977827,1.769290389359749,0.005400315001051759,-0.013868284636981976,0.005400315001051759,0.013868284636981976,False
100,120.0,1.2,0.05,0.4,0.5,12,call,Delta,0.18638006960013054,0.1872640063002018,0.1848258525412072,0.0008839367000712528,-0.001554217058923335,0.0008839367000712528,0.001554217058923335,False
100,120.0,1.2,0.05,0.4,0.5,12,call,Vega,11.878917427959657,11.747866958867869,11.775144912793966,-0.13105046909178775,-0.10377251516569075,0.13105046909178775,0.10377251516569075,True
100,120.0,1.2,0.05,0.4,0.5,12,call,Rho,4.4730546166837915,4.517612912855462,4.517612912855462,0.04455829617167062,0.04455829617167062,0.04455829617167062,0.04455829617167062,False
100,120.0,1.2,0.05,0.4,0.5,12,call,Theta_T,5.1987662113619155,5.15090123627792,5.170963813032684,-0.047864975083995454,-0.02780239832923126,0.047864975083995454,0.02780239832923126,True
100,120.0,1.2,0.05,0.4,0.5,52,call,Delta,0.17268532854643692,0.173070430266965,0.17012173490596028,0.00038510172052808045,-0.002563593640476647,0.00038510172052808045,0.002563593640476647,False
100,120.0,1.2,0.05,0.4,0.5,52,call,Vega,10.859707677891905,10.688188543617304,10.737496661740064,-0.1715191342746003,-0.12221101615184082,0.1715191342746003,0.12221101615184082,True
100,120.0,1.2,0.05,0.4,0.5,52,call,Rho,3.926472545912052,3.9638532539421067,3.9638532539421067,0.03738070803005478,0.03738070803005478,0.03738070803005478,0.03738070803005478,False
100,120.0,1.2,0.05,0.4,0.5,52,call,Theta_T,4.736505651821414,4.671652821286867,4.695472200559715,-0.06485283053454705,-0.04103345126169877,0.06485283053454705,0.04103345126169877,True
100,120.0,1.2,0.05,0.4,1.0,12,call,Delta,0.2963312861022782,0.3011865543455716,0.2959205896728401,0.004855268243293409,-0.0004106964294381399,0.004855268243293409,0.0004106964294381399,True
100,120.0,1.2,0.05,0.4,1.0,12,call,Vega,21.42535379552779,21.58651243387988,21.303063503609998,0.161158638352088,-0.12229029191779262,0.161158638352088,0.12229029191779262,True
100,120.0,1.2,0.05,0.4,1.0,12,call,Rho,12.829877549438429,13.147624051494944,13.147624051494944,0.3177465020565151,0.3177465020565151,0.3177465020565151,0.3177465020565151,False
100,120.0,1.2,0.05,0.4,1.0,12,call,Theta_T,4.926710327617272,4.974687653330738,4.9209386883178,0.04797732571346636,-0.00577163929947222,0.04797732571346636,0.00577163929947222,True
100,120.0,1.2,0.05,0.4,1.0,52,call,Delta,0.28104908946931184,0.2867824221102033,0.280844346944662,0.005733332640891486,-0.0002047425246498591,0.005733332640891486,0.0002047425246498591,True
100,120.0,1.2,0.05,0.4,1.0,52,call,Vega,20.045179758201524,20.19114832703539,19.915017735891325,0.14596856883386522,-0.13016202231019847,0.14596856883386522,0.13016202231019847,True
100,120.0,1.2,0.05,0.4,1.0,52,call,Rho,11.531504784885183,11.888042320453707,11.888042320453707,0.3565375355685241,0.3565375355685241,0.3565375355685241,0.3565375355685241,False
100,120.0,1.2,0.05,0.4,1.0,52,call,Theta_T,4.585682299039036,4.63263551888676,4.580841121061238,0.04695321984772427,-0.004841177977797706,0.04695321984772427,0.004841177977797706,True
100,120.0,1.2,0.05,0.4,2.0,12,call,Delta,0.3978977441218223,0.4086235266416871,0.3982237834106872,0.01072578251986478,0.00032603928886487665,0.01072578251986478,0.00032603928886487665,True
100,120.0,1.2,0.05,0.4,2.0,12,call,Vega,32.925547602415506,34.051534543181106,32.899024902919294,1.1259869407655998,-0.026522699496212,1.1259869407655998,0.026522699496212,True
100,120.0,1.2,0.05,0.4,2.0,12,call,Rho,29.18640513333237,30.281792148318942,30.281792148318942,1.0953870149865708,1.0953870149865708,1.0953870149865708,1.0953870149865708,False
100,120.0,1.2,0.05,0.4,2.0,12,call,Theta_T,4.022225986364751,4.162199766572208,4.000641506389999,0.13997378020745632,-0.021584479974752213,0.13997378020745632,0.021584479974752213,True
100,120.0,1.2,0.05,0.4,2.0,52,call,Delta,0.38229945786983244,0.39495325951200755,0.3835312344766395,0.012653801642175111,0.0012317766068070668,0.012653801642175111,0.0012317766068070668,True
100,120.0,1.2,0.05,0.4,2.0,52,call,Vega,31.16546850699997,32.341620106571156,31.16700515529436,1.1761515995711846,0.001536648294386822,1.1761515995711846,0.001536648294386822,True
100,120.0,1.2,0.05,0.4,2.0,52,call,Rho,26.50014997251482,27.762823404451353,27.762823404455794,1.262673431936534,1.262673431940975,1.262673431936534,1.262673431940975,False
100,120.0,1.2,0.05,0.4,2.0,52,call,Theta_T,3.7790530361438135,3.92823412138096,3.7650259577246725,0.14918108523714668,-0.01402707841914097,0.14918108523714668,0.01402707841914097,True
